cause_group,cause_family,minutes_2014_16,minutes_2023_25,change,change_pct,share_of_net_increase_pct,share_of_recent_minutes_pct
Disorderly behaviour & crime,Passengers & public,4805.0,17112.0,12307.0,256.2,37.6,24.1
"Alarms, doors & clean-ups",Passengers & public,2693.0,7728.0,5035.0,187.0,15.4,10.9
People on the tracks,Passengers & public,2862.0,7591.0,4729.0,165.2,14.4,10.7
Door cameras (one-person trains),"Trains, track & signals",164.0,4045.0,3881.0,2371.3,11.9,5.7
Medical emergencies,Passengers & public,5170.0,8140.0,2970.0,57.4,9.1,11.5
Planned work & closures,"Fire, weather & works",368.0,2558.0,2189.0,594.4,6.7,3.6
"Track, power & stations","Trains, track & signals",1912.0,3465.0,1553.0,81.2,4.7,4.9
Crew & operations,Crew & operations,4623.0,5978.0,1355.0,29.3,4.1,8.4
Signals & communications,"Trains, track & signals",2303.0,3551.0,1248.0,54.2,3.8,5.0
Other & unclassified,Other & unclassified,1855.0,1723.0,-132.0,-7.1,-0.4,2.4
Weather,"Fire, weather & works",1451.0,1302.0,-149.0,-10.3,-0.5,1.8
Train equipment,"Trains, track & signals",6562.0,5763.0,-799.0,-12.2,-2.4,8.1
Fire & smoke,"Fire, weather & works",3545.0,2101.0,-1444.0,-40.7,-4.4,3.0
