weekday,hour,minutes_per_day,delays_per_day
Friday,0,7.73,0.962
Friday,1,7.22,0.891
Friday,2,0.62,0.083
Friday,3,0.0,0.0
Friday,4,0.54,0.019
Friday,5,9.17,1.186
Friday,6,11.48,1.423
Friday,7,8.28,1.385
Friday,8,9.33,1.385
Friday,9,7.67,1.154
Friday,10,7.04,0.968
Friday,11,6.8,1.135
Friday,12,9.02,1.077
Friday,13,8.06,1.205
Friday,14,9.73,1.41
Friday,15,11.96,1.526
Friday,16,12.3,1.494
Friday,17,12.97,1.724
Friday,18,10.12,1.353
Friday,19,8.69,1.173
Friday,20,9.7,1.115
Friday,21,11.68,1.263
Friday,22,9.97,1.186
Friday,23,10.48,1.192
Monday,0,6.27,0.669
Monday,1,7.19,0.694
Monday,2,1.35,0.14
Monday,3,0.02,0.006
Monday,4,0.03,0.006
Monday,5,11.48,1.312
Monday,6,11.79,1.949
Monday,7,11.94,1.248
Monday,8,10.32,1.688
Monday,9,6.94,1.057
Monday,10,7.62,1.166
Monday,11,9.25,0.981
Monday,12,8.82,1.127
Monday,13,7.96,1.108
Monday,14,10.71,1.287
Monday,15,11.01,1.49
Monday,16,10.38,1.529
Monday,17,11.83,1.643
Monday,18,12.52,1.248
Monday,19,8.85,1.121
Monday,20,9.36,0.994
Monday,21,6.84,0.866
Monday,22,8.36,0.936
Monday,23,8.34,0.936
Saturday,0,6.53,0.833
Saturday,1,5.13,0.635
Saturday,2,1.26,0.083
Saturday,3,0.14,0.026
Saturday,4,0.1,0.019
Saturday,5,7.11,0.891
Saturday,6,10.55,1.327
Saturday,7,3.9,0.583
Saturday,8,4.1,0.462
Saturday,9,5.51,0.763
Saturday,10,5.05,0.756
Saturday,11,6.26,0.885
Saturday,12,9.74,1.038
Saturday,13,9.31,1.141
Saturday,14,9.67,1.167
Saturday,15,8.97,1.122
Saturday,16,10.68,1.186
Saturday,17,7.67,1.224
Saturday,18,7.44,1.147
Saturday,19,10.54,1.141
Saturday,20,8.29,1.083
Saturday,21,8.6,1.071
Saturday,22,9.77,1.205
Saturday,23,9.44,1.064
Sunday,0,6.18,0.694
Sunday,1,5.92,0.631
Sunday,2,1.04,0.127
Sunday,3,0.25,0.019
Sunday,4,0.03,0.006
Sunday,5,0.25,0.019
Sunday,6,0.24,0.032
Sunday,7,6.2,0.414
Sunday,8,22.15,2.605
Sunday,9,12.18,0.834
Sunday,10,7.33,0.936
Sunday,11,12.27,0.936
Sunday,12,6.5,0.822
Sunday,13,7.14,0.962
Sunday,14,7.23,0.892
Sunday,15,5.77,0.917
Sunday,16,10.97,1.032
Sunday,17,11.02,1.064
Sunday,18,7.41,1.057
Sunday,19,8.94,1.038
Sunday,20,6.89,0.885
Sunday,21,8.59,0.86
Sunday,22,7.66,0.898
Sunday,23,8.16,0.866
Thursday,0,7.12,0.795
Thursday,1,7.1,0.763
Thursday,2,1.19,0.096
Thursday,3,0.0,0.0
Thursday,4,0.23,0.013
Thursday,5,12.15,1.429
Thursday,6,11.28,1.635
Thursday,7,8.37,1.25
Thursday,8,10.44,1.558
Thursday,9,8.76,1.115
Thursday,10,7.96,1.199
Thursday,11,10.17,1.071
Thursday,12,7.96,0.949
Thursday,13,9.65,1.135
Thursday,14,8.76,1.231
Thursday,15,14.37,1.372
Thursday,16,13.58,1.865
Thursday,17,12.29,1.731
Thursday,18,11.43,1.308
Thursday,19,9.06,1.263
Thursday,20,10.21,1.09
Thursday,21,8.06,1.019
Thursday,22,9.78,1.231
Thursday,23,8.46,1.006
Tuesday,0,7.31,0.771
Tuesday,1,4.59,0.567
Tuesday,2,0.84,0.076
Tuesday,3,0.11,0.019
Tuesday,4,0.02,0.006
Tuesday,5,14.31,1.35
Tuesday,6,12.88,1.803
Tuesday,7,8.04,1.42
Tuesday,8,10.21,1.643
Tuesday,9,10.16,1.159
Tuesday,10,7.08,0.994
Tuesday,11,8.02,1.0
Tuesday,12,12.69,1.166
Tuesday,13,9.88,1.331
Tuesday,14,7.18,1.166
Tuesday,15,10.04,1.459
Tuesday,16,14.32,1.975
Tuesday,17,12.38,1.783
Tuesday,18,10.84,1.452
Tuesday,19,12.81,1.299
Tuesday,20,10.35,1.236
Tuesday,21,7.63,1.006
Tuesday,22,8.49,1.102
Tuesday,23,8.32,0.885
Wednesday,0,7.71,0.892
Wednesday,1,5.38,0.599
Wednesday,2,1.29,0.115
Wednesday,3,0.06,0.006
Wednesday,4,2.45,0.032
Wednesday,5,9.09,1.178
Wednesday,6,13.24,1.975
Wednesday,7,11.09,1.726
Wednesday,8,8.96,1.573
Wednesday,9,8.62,1.14
Wednesday,10,7.29,0.828
Wednesday,11,8.03,1.14
Wednesday,12,7.61,1.019
Wednesday,13,11.62,1.312
Wednesday,14,12.15,1.427
Wednesday,15,11.04,1.484
Wednesday,16,12.19,1.682
Wednesday,17,13.61,1.866
Wednesday,18,13.57,1.446
Wednesday,19,9.28,1.28
Wednesday,20,10.14,1.255
Wednesday,21,7.38,0.968
Wednesday,22,8.93,1.045
Wednesday,23,7.99,0.962
