month,delay_minutes,delays,minutes_rolling_12m,months_in_window
2014-01-01,4587,683,4587,1
2014-02-01,4465,665,9052,2
2014-03-01,3588,608,12640,3
2014-04-01,3569,523,16209,4
2014-05-01,3057,470,19266,5
2014-06-01,3034,476,22300,6
2014-07-01,3202,532,25502,7
2014-08-01,3111,445,28613,8
2014-09-01,3320,445,31933,9
2014-10-01,3415,543,35348,10
2014-11-01,3005,448,38353,11
2014-12-01,2816,440,41169,12
2015-01-01,3240,464,39822,12
2015-02-01,4981,515,40338,12
2015-03-01,3793,419,40543,12
2015-04-01,2839,372,39813,12
2015-05-01,2540,415,39296,12
2015-06-01,2695,386,38957,12
2015-07-01,2374,421,38129,12
2015-08-01,2154,391,37172,12
2015-09-01,2850,446,36702,12
2015-10-01,2845,418,36132,12
2015-11-01,2618,426,35745,12
2015-12-01,2567,385,35496,12
2016-01-01,2455,441,34711,12
2016-02-01,2483,403,32213,12
2016-03-01,3233,392,31653,12
2016-04-01,2753,426,31567,12
2016-05-01,3396,441,32423,12
2016-06-01,3365,493,33093,12
2016-07-01,3248,528,33967,12
2016-08-01,3335,503,35148,12
2016-09-01,3019,495,35317,12
2016-10-01,3437,517,35909,12
2016-11-01,3698,535,36989,12
2016-12-01,3853,524,38275,12
2017-01-01,2556,407,38376,12
2017-02-01,2779,389,38672,12
2017-03-01,2528,427,37967,12
2017-04-01,2852,451,38066,12
2017-05-01,3601,479,38271,12
2017-06-01,3336,464,38242,12
2017-07-01,2577,418,37571,12
2017-08-01,2726,423,36962,12
2017-09-01,2826,399,36769,12
2017-10-01,2743,432,36075,12
2017-11-01,3057,503,35434,12
2017-12-01,4995,659,36576,12
2018-01-01,5223,706,39243,12
2018-02-01,3878,533,40342,12
2018-03-01,4331,575,42145,12
2018-04-01,3993,499,43286,12
2018-05-01,3863,606,43548,12
2018-06-01,4257,654,44469,12
2018-07-01,4283,744,46175,12
2018-08-01,4314,681,47763,12
2018-09-01,3032,525,47969,12
2018-10-01,4057,565,49283,12
2018-11-01,3623,559,49849,12
2018-12-01,3413,518,48267,12
2019-01-01,4564,670,47608,12
2019-02-01,4180,516,47910,12
2019-03-01,3646,513,47225,12
2019-04-01,3461,597,46693,12
2019-05-01,3888,619,46718,12
2019-06-01,4303,577,46764,12
2019-07-01,3671,601,46152,12
2019-08-01,3457,528,45295,12
2019-09-01,3174,498,45437,12
2019-10-01,3516,518,44896,12
2019-11-01,3712,539,44985,12
2019-12-01,3921,577,45493,12
2020-01-01,3857,548,44786,12
2020-02-01,4215,522,44821,12
2020-03-01,4540,736,45715,12
2020-04-01,4805,937,47059,12
2020-05-01,3920,528,47091,12
2020-06-01,2361,390,45149,12
2020-07-01,3793,601,45271,12
2020-08-01,3371,520,45185,12
2020-09-01,3073,437,45084,12
2020-10-01,3568,529,45136,12
2020-11-01,4510,561,45934,12
2020-12-01,4500,559,46513,12
2021-01-01,4472,561,47128,12
2021-02-01,3328,524,46241,12
2021-03-01,3513,513,45214,12
2021-04-01,4145,511,44554,12
2021-05-01,4415,503,45049,12
2021-06-01,3803,502,46491,12
2021-07-01,3493,545,46191,12
2021-08-01,4058,509,46878,12
2021-09-01,3986,673,47791,12
2021-10-01,5573,773,49796,12
2021-11-01,6514,925,51800,12
2021-12-01,6180,833,53480,12
2022-01-01,7587,930,56595,12
2022-02-01,6211,767,59478,12
2022-03-01,6342,761,62307,12
2022-04-01,6407,763,64569,12
2022-05-01,5633,724,65787,12
2022-06-01,5878,713,67862,12
2022-07-01,5710,653,70079,12
2022-08-01,6282,678,72303,12
2022-09-01,5392,790,73709,12
2022-10-01,5900,785,74036,12
2022-11-01,5657,684,73179,12
2022-12-01,6095,724,73094,12
2023-01-01,5768,713,71275,12
2023-02-01,5266,642,70330,12
2023-03-01,6359,767,70347,12
2023-04-01,6543,690,70483,12
2023-05-01,6124,695,70974,12
2023-06-01,6778,744,71874,12
2023-07-01,5795,651,71959,12
2023-08-01,4857,614,70534,12
2023-09-01,5663,687,70805,12
2023-10-01,4955,671,69860,12
2023-11-01,4661,658,68864,12
2023-12-01,5377,703,68146,12
2024-01-01,6352,883,68730,12
2024-02-01,5476,748,68940,12
2024-03-01,6502,813,69083,12
2024-04-01,7119,781,69659,12
2024-05-01,7126,858,70661,12
2024-06-01,4641,620,68524,12
2024-07-01,5805,691,68534,12
2024-08-01,6591,853,70268,12
2024-09-01,5758,745,70363,12
2024-10-01,6306,806,71714,12
2024-11-01,5603,779,72656,12
2024-12-01,6987,815,74266,12
2025-01-01,6381,808,74295,12
2025-02-01,8766,917,77585,12
2025-03-01,6305,801,77388,12
2025-04-01,6055,751,76324,12
2025-05-01,5432,731,74630,12
2025-06-01,5117,664,75106,12
2025-07-01,5597,688,74898,12
2025-08-01,5127,741,73434,12
2025-09-01,4193,614,71869,12
2025-10-01,5150,704,70713,12
2025-11-01,6179,832,71289,12
2025-12-01,6453,841,70755,12
2026-01-01,12372,993,76746,12
2026-02-01,5816,749,73796,12
2026-03-01,5789,834,73280,12
2026-04-01,7199,891,74424,12
2026-05-01,5617,866,74609,12
2026-06-01,5571,876,75063,12
2026-07-01,4782,822,74248,12
2026-08-01,4147,678,73268,12
