month,line_name,atc_period,signal_minutes,signal_delays,signal_events,other_minutes
2014-01-01,Line 1,before,94,22,70,1528
2014-01-01,Line 2,before,90,14,33,1578
2014-01-01,Line 4,before,31,6,8,347
2014-02-01,Line 1,before,78,17,30,1467
2014-02-01,Line 2,before,65,8,22,1227
2014-02-01,Line 4,before,0,0,1,128
2014-03-01,Line 1,before,103,19,62,1723
2014-03-01,Line 2,before,54,10,23,1124
2014-03-01,Line 4,before,6,1,3,64
2014-04-01,Line 1,before,129,16,32,1688
2014-04-01,Line 2,before,72,17,36,1299
2014-04-01,Line 4,before,0,0,2,148
2014-05-01,Line 1,before,115,16,36,1371
2014-05-01,Line 2,before,47,11,30,1223
2014-05-01,Line 4,before,5,1,3,57
2014-06-01,Line 1,before,312,15,32,1237
2014-06-01,Line 2,before,76,7,19,1075
2014-06-01,Line 4,before,6,2,7,84
2014-07-01,Line 1,before,90,12,28,1395
2014-07-01,Line 2,before,59,12,39,1408
2014-07-01,Line 4,before,3,1,3,90
2014-08-01,Line 1,before,84,16,40,1415
2014-08-01,Line 2,before,83,13,41,1315
2014-08-01,Line 4,before,29,2,2,57
2014-09-01,Line 1,before,24,6,20,1255
2014-09-01,Line 2,before,65,14,27,1620
2014-09-01,Line 4,before,0,0,2,169
2014-10-01,Line 1,before,78,18,38,1501
2014-10-01,Line 2,before,42,10,23,1552
2014-10-01,Line 4,before,6,1,1,103
2014-11-01,Line 1,before,146,23,36,1223
2014-11-01,Line 2,before,24,7,12,1276
2014-11-01,Line 4,before,0,0,5,124
2014-12-01,Line 1,before,74,15,25,1136
2014-12-01,Line 2,before,133,12,26,1196
2014-12-01,Line 4,before,5,1,3,95
2015-01-01,Line 1,before,55,5,27,1336
2015-01-01,Line 2,before,42,10,23,1304
2015-01-01,Line 4,before,14,3,6,196
2015-02-01,Line 1,before,78,17,51,1454
2015-02-01,Line 2,before,43,9,35,1401
2015-02-01,Line 4,before,0,0,1,78
2015-03-01,Line 1,before,62,12,50,1483
2015-03-01,Line 2,before,50,11,26,1629
2015-03-01,Line 4,before,8,2,6,142
2015-04-01,Line 1,before,68,11,35,1452
2015-04-01,Line 2,before,20,6,26,1026
2015-04-01,Line 4,before,15,3,6,102
2015-05-01,Line 1,before,69,14,34,830
2015-05-01,Line 2,before,175,25,52,1113
2015-05-01,Line 4,before,22,2,4,78
2015-06-01,Line 1,before,36,7,26,989
2015-06-01,Line 2,before,33,4,17,1203
2015-06-01,Line 4,before,24,5,8,146
2015-07-01,Line 1,before,63,13,34,903
2015-07-01,Line 2,before,73,15,31,972
2015-07-01,Line 4,before,32,4,6,96
2015-08-01,Line 1,before,14,4,22,747
2015-08-01,Line 2,before,33,8,20,992
2015-08-01,Line 4,before,12,3,6,145
2015-09-01,Line 1,before,38,9,23,896
2015-09-01,Line 2,before,15,4,21,1272
2015-09-01,Line 4,before,81,1,3,111
2015-10-01,Line 1,before,42,10,16,841
2015-10-01,Line 2,before,111,15,23,1314
2015-10-01,Line 4,before,0,0,0,182
2015-11-01,Line 1,before,54,11,32,1032
2015-11-01,Line 2,before,23,5,24,1120
2015-11-01,Line 4,before,16,2,3,153
2015-12-01,Line 1,before,21,5,15,1088
2015-12-01,Line 2,before,14,4,11,1190
2015-12-01,Line 4,before,0,0,2,158
2016-01-01,Line 1,before,48,9,26,883
2016-01-01,Line 2,before,61,9,26,1092
2016-01-01,Line 4,before,32,4,7,123
2016-02-01,Line 1,before,92,11,32,1116
2016-02-01,Line 2,before,42,7,23,1001
2016-02-01,Line 4,before,10,2,5,45
2016-03-01,Line 1,before,88,10,34,1264
2016-03-01,Line 2,before,85,6,14,1082
2016-03-01,Line 4,before,10,1,3,111
2016-04-01,Line 1,before,77,14,36,935
2016-04-01,Line 2,before,67,13,26,1356
2016-04-01,Line 4,before,5,1,2,86
2016-05-01,Line 1,before,67,11,48,1021
2016-05-01,Line 2,before,49,8,20,1970
2016-05-01,Line 4,before,12,2,3,101
2016-06-01,Line 1,before,98,16,29,1174
2016-06-01,Line 2,before,11,2,19,1696
2016-06-01,Line 4,before,8,2,2,78
2016-07-01,Line 1,before,57,9,20,1338
2016-07-01,Line 2,before,24,6,23,1340
2016-07-01,Line 4,before,18,4,5,261
2016-08-01,Line 1,before,34,8,24,1261
2016-08-01,Line 2,before,46,9,29,1734
2016-08-01,Line 4,before,9,1,2,78
2016-09-01,Line 1,before,56,15,27,965
2016-09-01,Line 2,before,57,4,14,1316
2016-09-01,Line 4,before,10,2,3,295
2016-10-01,Line 1,before,227,10,24,1205
2016-10-01,Line 2,before,11,3,12,1403
2016-10-01,Line 4,before,23,3,5,344
2016-11-01,Line 1,before,110,12,31,1388
2016-11-01,Line 2,before,57,7,16,1298
2016-11-01,Line 4,before,108,2,5,444
2016-12-01,Line 1,before,28,6,21,1558
2016-12-01,Line 2,before,65,13,17,1304
2016-12-01,Line 4,before,0,0,11,199
2017-01-01,Line 1,transition,59,12,20,913
2017-01-01,Line 2,transition,94,18,34,1327
2017-01-01,Line 4,transition,7,1,2,67
2017-02-01,Line 1,transition,47,7,25,1073
2017-02-01,Line 2,transition,47,8,17,1044
2017-02-01,Line 4,transition,193,1,3,98
2017-03-01,Line 1,transition,73,9,16,733
2017-03-01,Line 2,transition,47,4,17,1167
2017-03-01,Line 4,transition,120,4,6,144
2017-04-01,Line 1,transition,82,15,22,1112
2017-04-01,Line 2,transition,26,7,16,1177
2017-04-01,Line 4,transition,46,5,5,85
2017-05-01,Line 1,transition,44,9,20,1218
2017-05-01,Line 2,transition,18,4,15,1315
2017-05-01,Line 4,transition,3,1,3,101
2017-06-01,Line 1,transition,75,9,30,980
2017-06-01,Line 2,transition,56,13,23,1317
2017-06-01,Line 4,transition,4,1,1,110
2017-07-01,Line 1,transition,37,7,29,968
2017-07-01,Line 2,transition,65,10,22,1247
2017-07-01,Line 4,transition,12,2,3,128
2017-08-01,Line 1,transition,55,12,35,1134
2017-08-01,Line 2,transition,54,11,36,1235
2017-08-01,Line 4,transition,3,1,2,69
2017-09-01,Line 1,transition,33,9,30,825
2017-09-01,Line 2,transition,43,9,28,1483
2017-09-01,Line 4,transition,5,1,1,96
2017-10-01,Line 1,transition,108,14,31,949
2017-10-01,Line 2,transition,32,8,14,1257
2017-10-01,Line 4,transition,3,1,2,126
2017-11-01,Line 1,transition,102,6,26,1328
2017-11-01,Line 2,transition,26,8,16,1383
2017-11-01,Line 4,transition,10,3,5,91
2017-12-01,Line 1,transition,105,13,32,2294
2017-12-01,Line 2,transition,42,8,22,1838
2017-12-01,Line 4,transition,25,4,14,196
2018-01-01,Line 1,transition,25,6,28,2591
2018-01-01,Line 2,transition,135,10,16,1767
2018-01-01,Line 4,transition,0,0,3,124
2018-02-01,Line 1,transition,117,12,26,1668
2018-02-01,Line 2,transition,68,6,23,1336
2018-02-01,Line 4,transition,26,4,4,100
2018-03-01,Line 1,transition,22,6,13,2260
2018-03-01,Line 2,transition,123,20,32,1474
2018-03-01,Line 4,transition,5,1,7,146
2018-04-01,Line 1,transition,107,19,36,1710
2018-04-01,Line 2,transition,59,10,21,1443
2018-04-01,Line 4,transition,13,2,3,165
2018-05-01,Line 1,transition,104,15,27,1692
2018-05-01,Line 2,transition,49,14,31,1372
2018-05-01,Line 4,transition,64,6,9,158
2018-06-01,Line 1,transition,147,15,24,1866
2018-06-01,Line 2,transition,52,13,22,1827
2018-06-01,Line 4,transition,0,0,5,65
2018-07-01,Line 1,transition,105,17,39,2268
2018-07-01,Line 2,transition,65,17,25,1452
2018-07-01,Line 4,transition,13,2,5,79
2018-08-01,Line 1,transition,75,17,32,2204
2018-08-01,Line 2,transition,88,18,36,1620
2018-08-01,Line 4,transition,6,1,2,67
2018-09-01,Line 1,transition,79,19,38,1374
2018-09-01,Line 2,transition,85,8,16,1243
2018-09-01,Line 4,transition,53,5,6,19
2018-10-01,Line 1,transition,42,9,29,1697
2018-10-01,Line 2,transition,26,6,18,1939
2018-10-01,Line 4,transition,5,1,3,105
2018-11-01,Line 1,transition,111,25,66,1745
2018-11-01,Line 2,transition,55,13,26,1385
2018-11-01,Line 4,transition,5,1,1,40
2018-12-01,Line 1,transition,48,8,36,2003
2018-12-01,Line 2,transition,54,9,18,1069
2018-12-01,Line 4,transition,3,1,1,62
2019-01-01,Line 1,transition,123,21,40,2196
2019-01-01,Line 2,transition,83,17,37,1734
2019-01-01,Line 4,transition,6,2,5,63
2019-02-01,Line 1,transition,59,5,15,1584
2019-02-01,Line 2,transition,54,11,17,1497
2019-02-01,Line 4,transition,184,4,4,67
2019-03-01,Line 1,transition,55,11,29,1635
2019-03-01,Line 2,transition,117,24,46,1413
2019-03-01,Line 4,transition,6,2,2,66
2019-04-01,Line 1,transition,75,12,16,1798
2019-04-01,Line 2,transition,87,8,15,1307
2019-04-01,Line 4,transition,6,2,2,63
2019-05-01,Line 1,transition,33,8,16,1748
2019-05-01,Line 2,transition,124,11,21,1590
2019-05-01,Line 4,transition,10,1,2,113
2019-06-01,Line 1,transition,52,10,15,2735
2019-06-01,Line 2,transition,44,9,18,1182
2019-06-01,Line 4,transition,0,0,2,96
2019-07-01,Line 1,transition,48,9,29,1568
2019-07-01,Line 2,transition,100,13,21,1454
2019-07-01,Line 4,transition,3,1,2,135
2019-08-01,Line 1,transition,32,4,8,1800
2019-08-01,Line 2,transition,28,7,29,1254
2019-08-01,Line 4,transition,17,4,5,83
2019-09-01,Line 1,transition,112,2,9,1866
2019-09-01,Line 2,transition,31,7,16,964
2019-09-01,Line 4,transition,0,0,1,52
2019-10-01,Line 1,transition,96,8,13,1689
2019-10-01,Line 2,transition,113,14,28,1238
2019-10-01,Line 4,transition,7,1,2,81
2019-11-01,Line 1,transition,78,9,25,1759
2019-11-01,Line 2,transition,91,4,15,1363
2019-11-01,Line 4,transition,10,2,3,54
2019-12-01,Line 1,transition,44,7,15,2005
2019-12-01,Line 2,transition,72,4,9,1395
2019-12-01,Line 4,transition,19,4,6,172
2020-01-01,Line 1,transition,7,2,10,1804
2020-01-01,Line 2,transition,83,5,7,1511
2020-01-01,Line 4,transition,3,1,1,74
2020-02-01,Line 1,transition,182,17,21,2493
2020-02-01,Line 2,transition,32,6,10,1091
2020-02-01,Line 4,transition,0,0,3,172
2020-03-01,Line 1,transition,54,7,13,2255
2020-03-01,Line 2,transition,107,11,12,1904
2020-03-01,Line 4,transition,12,2,3,119
2020-04-01,Line 1,transition,19,1,4,2620
2020-04-01,Line 2,transition,8,2,3,1917
2020-04-01,Line 4,transition,4,1,1,85
2020-05-01,Line 1,transition,92,9,35,2313
2020-05-01,Line 2,transition,82,9,13,1137
2020-05-01,Line 4,transition,4,1,1,62
2020-06-01,Line 1,transition,123,12,22,1138
2020-06-01,Line 2,transition,12,3,18,832
2020-06-01,Line 4,transition,20,2,2,77
2020-07-01,Line 1,transition,35,5,10,1847
2020-07-01,Line 2,transition,52,7,10,1301
2020-07-01,Line 4,transition,0,0,0,230
2020-08-01,Line 1,transition,65,3,4,1466
2020-08-01,Line 2,transition,46,7,14,1301
2020-08-01,Line 4,transition,0,0,0,112
2020-09-01,Line 1,transition,94,3,5,1236
2020-09-01,Line 2,transition,22,6,11,1225
2020-09-01,Line 4,transition,9,1,3,85
2020-10-01,Line 1,transition,18,5,12,2215
2020-10-01,Line 2,transition,30,6,16,928
2020-10-01,Line 4,transition,11,2,2,113
2020-11-01,Line 1,transition,431,7,11,2033
2020-11-01,Line 2,transition,82,10,16,1450
2020-11-01,Line 4,transition,5,1,1,57
2020-12-01,Line 1,transition,65,9,15,1848
2020-12-01,Line 2,transition,83,7,16,1728
2020-12-01,Line 4,transition,17,2,3,55
2021-01-01,Line 1,transition,70,7,12,2252
2021-01-01,Line 2,transition,12,3,10,1818
2021-01-01,Line 4,transition,3,1,2,101
2021-02-01,Line 1,transition,15,2,6,1734
2021-02-01,Line 2,transition,17,4,8,1263
2021-02-01,Line 4,transition,35,5,9,66
2021-03-01,Line 1,transition,209,21,25,1920
2021-03-01,Line 2,transition,27,6,15,1101
2021-03-01,Line 4,transition,26,1,1,184
2021-04-01,Line 1,transition,56,9,12,1907
2021-04-01,Line 2,transition,66,8,15,1635
2021-04-01,Line 4,transition,95,5,5,66
2021-05-01,Line 1,transition,30,5,8,1619
2021-05-01,Line 2,transition,65,7,8,1949
2021-05-01,Line 4,transition,12,1,2,132
2021-06-01,Line 1,transition,56,9,19,1899
2021-06-01,Line 2,transition,70,10,14,1403
2021-06-01,Line 4,transition,0,0,0,235
2021-07-01,Line 1,transition,59,10,18,1580
2021-07-01,Line 2,transition,111,20,27,1242
2021-07-01,Line 4,transition,17,2,7,174
2021-08-01,Line 1,transition,49,10,37,2002
2021-08-01,Line 2,transition,42,9,13,1652
2021-08-01,Line 4,transition,3,1,1,130
2021-09-01,Line 1,transition,50,8,13,2208
2021-09-01,Line 2,transition,26,5,8,1258
2021-09-01,Line 4,transition,18,2,3,145
2021-10-01,Line 1,transition,377,5,6,2957
2021-10-01,Line 2,transition,52,10,15,1678
2021-10-01,Line 4,transition,18,1,1,80
2021-11-01,Line 1,transition,216,8,13,3933
2021-11-01,Line 2,transition,29,6,8,1975
2021-11-01,Line 4,transition,8,1,1,111
2021-12-01,Line 1,transition,75,11,24,3330
2021-12-01,Line 2,transition,111,8,14,2079
2021-12-01,Line 4,transition,6,1,2,50
2022-01-01,Line 1,transition,8,2,7,3987
2022-01-01,Line 2,transition,44,11,18,2347
2022-01-01,Line 4,transition,0,0,0,258
2022-02-01,Line 1,transition,62,6,7,3358
2022-02-01,Line 2,transition,16,4,12,1814
2022-02-01,Line 4,transition,0,0,2,204
2022-03-01,Line 1,transition,167,7,10,3277
2022-03-01,Line 2,transition,57,13,20,1867
2022-03-01,Line 4,transition,24,5,5,449
2022-04-01,Line 1,transition,20,4,10,3227
2022-04-01,Line 2,transition,141,8,15,2254
2022-04-01,Line 4,transition,48,6,6,296
2022-05-01,Line 1,transition,23,3,3,2984
2022-05-01,Line 2,transition,119,12,24,1712
2022-05-01,Line 4,transition,10,2,3,336
2022-06-01,Line 1,transition,122,8,14,3063
2022-06-01,Line 2,transition,87,9,16,1985
2022-06-01,Line 4,transition,16,3,8,143
2022-07-01,Line 1,transition,93,5,7,2427
2022-07-01,Line 2,transition,33,3,6,2124
2022-07-01,Line 4,transition,39,4,8,230
2022-08-01,Line 1,transition,30,6,9,2795
2022-08-01,Line 2,transition,30,5,10,2052
2022-08-01,Line 4,transition,13,3,7,267
2022-09-01,Line 1,transition,42,6,31,2801
2022-09-01,Line 2,transition,59,11,16,2110
2022-09-01,Line 4,transition,18,3,3,102
2022-10-01,Line 1,after,108,8,9,2919
2022-10-01,Line 2,after,58,12,21,2067
2022-10-01,Line 4,after,0,0,0,301
2022-11-01,Line 1,after,41,7,7,2889
2022-11-01,Line 2,after,15,2,4,2148
2022-11-01,Line 4,after,3,1,1,122
2022-12-01,Line 1,after,95,4,4,3016
2022-12-01,Line 2,after,85,9,11,1945
2022-12-01,Line 4,after,0,0,1,180
2023-01-01,Line 1,after,18,5,5,3006
2023-01-01,Line 2,after,48,10,17,2155
2023-01-01,Line 4,after,30,5,9,202
2023-02-01,Line 1,after,6,1,1,2663
2023-02-01,Line 2,after,78,3,6,1626
2023-02-01,Line 4,after,0,0,0,88
2023-03-01,Line 1,after,3,1,4,3309
2023-03-01,Line 2,after,249,16,19,2131
2023-03-01,Line 4,after,5,1,2,210
2023-04-01,Line 1,after,21,7,7,3403
2023-04-01,Line 2,after,141,8,26,1914
2023-04-01,Line 4,after,7,1,1,205
2023-05-01,Line 1,after,20,3,4,2587
2023-05-01,Line 2,after,55,8,18,2400
2023-05-01,Line 4,after,0,0,0,309
2023-06-01,Line 1,after,55,5,7,3243
2023-06-01,Line 2,after,157,6,14,2209
2023-06-01,Line 4,after,75,2,4,169
2023-07-01,Line 1,after,20,1,2,3009
2023-07-01,Line 2,after,119,13,16,1710
2023-07-01,Line 4,after,26,3,6,113
2023-08-01,Line 1,after,51,11,13,2705
2023-08-01,Line 2,after,41,4,14,1821
2023-08-01,Line 4,after,14,3,10,225
2023-09-01,Line 1,after,157,10,10,3080
2023-09-01,Line 2,after,27,7,9,2245
2023-09-01,Line 4,after,23,4,5,131
2023-10-01,Line 1,after,107,4,4,2934
2023-10-01,Line 2,after,9,2,5,1705
2023-10-01,Line 4,after,20,2,2,180
2023-11-01,Line 1,after,0,0,0,2543
2023-11-01,Line 2,after,38,5,12,1807
2023-11-01,Line 4,after,0,0,0,273
2023-12-01,Line 1,after,5,1,1,3020
2023-12-01,Line 2,after,51,5,7,1751
2023-12-01,Line 4,after,144,2,2,406
2024-01-01,Line 1,after,36,6,8,3833
2024-01-01,Line 2,after,141,12,37,2055
2024-01-01,Line 4,after,0,0,0,287
2024-02-01,Line 1,after,32,3,6,3338
2024-02-01,Line 2,after,48,8,15,1892
2024-02-01,Line 4,after,21,3,3,145
2024-03-01,Line 1,after,82,13,14,3749
2024-03-01,Line 2,after,73,12,17,2376
2024-03-01,Line 4,after,25,6,9,197
2024-04-01,Line 1,after,139,5,12,3606
2024-04-01,Line 2,after,77,5,11,2997
2024-04-01,Line 4,after,5,1,8,295
2024-05-01,Line 1,after,7,1,5,3796
2024-05-01,Line 2,after,111,17,30,3011
2024-05-01,Line 4,after,14,2,4,187
2024-06-01,Line 1,after,42,4,9,2722
2024-06-01,Line 2,after,28,4,15,1585
2024-06-01,Line 4,after,66,1,2,198
2024-07-01,Line 1,after,60,9,14,3024
2024-07-01,Line 2,after,183,13,38,2396
2024-07-01,Line 4,after,0,0,5,142
2024-08-01,Line 1,after,69,12,20,3745
2024-08-01,Line 2,after,71,12,28,2595
2024-08-01,Line 4,after,0,0,1,111
2024-09-01,Line 1,after,189,16,25,3218
2024-09-01,Line 2,after,130,21,34,2111
2024-09-01,Line 4,after,9,2,5,101
2024-10-01,Line 1,after,78,13,19,3284
2024-10-01,Line 2,after,177,10,19,2344
2024-10-01,Line 4,after,99,4,5,324
2024-11-01,Line 1,after,66,12,17,3132
2024-11-01,Line 2,after,226,19,39,1967
2024-11-01,Line 4,after,0,0,1,212
2024-12-01,Line 1,after,235,19,29,3918
2024-12-01,Line 2,after,125,9,20,2476
2024-12-01,Line 4,after,64,2,5,169
2025-01-01,Line 1,after,54,7,12,3878
2025-01-01,Line 2,after,96,12,17,2149
2025-01-01,Line 4,after,0,0,4,204
2025-02-01,Line 1,after,394,21,32,5481
2025-02-01,Line 2,after,257,10,16,2412
2025-02-01,Line 4,after,55,10,12,167
2025-03-01,Line 1,after,34,6,12,3056
2025-03-01,Line 2,after,336,21,31,2755
2025-03-01,Line 4,after,0,0,1,124
2025-04-01,Line 1,after,101,17,22,3200
2025-04-01,Line 2,after,256,27,67,2221
2025-04-01,Line 4,after,12,3,9,265
2025-05-01,Line 1,after,7,2,5,3187
2025-05-01,Line 2,after,418,15,21,1583
2025-05-01,Line 4,after,47,2,7,190
2025-06-01,Line 1,after,46,7,13,3000
2025-06-01,Line 2,after,187,9,20,1606
2025-06-01,Line 4,after,91,3,8,187
2025-07-01,Line 1,after,133,7,10,2571
2025-07-01,Line 2,after,56,11,20,2467
2025-07-01,Line 4,after,228,4,6,142
2025-08-01,Line 1,after,104,18,26,3043
2025-08-01,Line 2,after,96,9,33,1575
2025-08-01,Line 4,after,4,1,2,305
2025-09-01,Line 1,after,42,8,14,2063
2025-09-01,Line 2,after,101,16,22,1697
2025-09-01,Line 4,after,16,1,3,274
2025-10-01,Line 1,after,88,10,12,2679
2025-10-01,Line 2,after,64,7,11,2025
2025-10-01,Line 4,after,15,2,4,279
2025-11-01,Line 1,after,140,18,22,3434
2025-11-01,Line 2,after,128,19,37,2087
2025-11-01,Line 4,after,162,2,3,228
2025-12-01,Line 1,after,92,18,24,3395
2025-12-01,Line 2,after,93,16,25,2753
2025-12-01,Line 4,after,6,1,1,114
2026-01-01,Line 1,after,288,10,16,6387
2026-01-01,Line 2,after,147,19,32,5344
2026-01-01,Line 4,after,0,0,0,206
2026-02-01,Line 1,after,32,4,12,2827
2026-02-01,Line 2,after,33,6,11,2673
2026-02-01,Line 4,after,29,6,7,222
2026-03-01,Line 1,after,22,4,8,2591
2026-03-01,Line 2,after,146,27,42,2882
2026-03-01,Line 4,after,4,1,1,144
2026-04-01,Line 1,after,28,5,11,2766
2026-04-01,Line 2,after,243,19,28,3644
2026-04-01,Line 4,after,48,2,4,470
2026-05-01,Line 1,after,60,9,16,2687
2026-05-01,Line 2,after,73,6,17,2625
2026-05-01,Line 4,after,24,2,4,148
2026-06-01,Line 1,after,122,9,14,2757
2026-06-01,Line 2,after,55,13,22,2397
2026-06-01,Line 4,after,10,3,6,230
2026-07-01,Line 1,after,19,5,6,2597
2026-07-01,Line 2,after,64,13,34,1927
2026-07-01,Line 4,after,23,2,4,152
2026-08-01,Line 1,after,117,7,9,1964
2026-08-01,Line 2,after,61,5,9,1876
2026-08-01,Line 4,after,18,3,8,111
