year,line_name,incidents_logged,delays,delay_minutes,disruptions_30min,avg_minutes_per_delay
2014,All lines,20413,6278,41169,97,6.56
2014,Line 1,10026,2964,18266,39,6.16
2014,Line 2,8877,2610,16703,43,6.4
2014,Line 3,803,496,4639,10,9.35
2014,Line 4,662,207,1557,5,7.52
2014,Several lines,4,0,0,0,
2014,Unknown,41,1,4,0,4.0
2015,All lines,21467,5058,35496,84,7.02
2015,Line 1,8829,2107,13651,29,6.48
2015,Line 2,11000,2305,15168,35,6.58
2015,Line 3,832,420,4866,12,11.59
2015,Line 4,673,226,1811,8,8.01
2015,Several lines,85,0,0,0,
2015,Unknown,48,0,0,0,
2016,All lines,21157,5698,38275,94,6.72
2016,Line 1,8761,2428,15090,40,6.21
2016,Line 2,10661,2522,17167,35,6.81
2016,Line 3,619,391,3593,11,9.19
2016,Line 4,884,355,2410,8,6.79
2016,Several lines,196,1,3,0,3.0
2016,Unknown,36,1,12,0,12.0
2017,All lines,18879,5451,36576,104,6.71
2017,Line 1,8330,2366,14347,35,6.06
2017,Line 2,8884,2424,16340,47,6.74
2017,Line 3,772,433,4147,16,9.58
2017,Line 4,646,228,1742,6,7.64
2017,Several lines,222,0,0,0,
2017,Unknown,25,0,0,0,
2018,All lines,20724,7165,48267,125,6.74
2018,Line 1,9934,3625,24060,53,6.64
2018,Line 2,9149,2920,18786,53,6.43
2018,Line 3,717,442,4098,14,9.27
2018,Line 4,513,178,1323,5,7.43
2018,Several lines,371,0,0,0,
2018,Unknown,40,0,0,0,
2019,All lines,19143,6753,45493,120,6.74
2019,Line 1,9298,3587,23190,48,6.47
2019,Line 2,8217,2618,17335,54,6.62
2019,Line 3,635,356,3655,16,10.27
2019,Line 4,600,192,1313,2,6.84
2019,Several lines,378,0,0,0,
2019,Unknown,15,0,0,0,
2020,All lines,14758,6868,46513,136,6.77
2020,Line 1,7625,3743,24453,65,6.53
2020,Line 2,5487,2548,16964,48,6.66
2020,Line 3,641,380,3770,20,9.92
2020,Line 4,619,197,1326,3,6.73
2020,Several lines,365,0,0,0,
2020,Unknown,21,0,0,0,
2021,All lines,16348,7372,53480,154,7.25
2021,Line 1,8916,4316,28603,70,6.63
2021,Line 2,5740,2510,19681,62,7.84
2021,Line 3,651,303,3477,19,11.48
2021,Line 4,653,242,1715,3,7.09
2021,Several lines,364,0,0,0,
2021,Unknown,24,1,4,0,4.0
2022,All lines,19880,8972,73094,242,8.15
2022,Line 1,10647,5178,37554,105,7.25
2022,Line 2,6796,2869,25169,98,8.77
2022,Line 3,1194,533,7307,31,13.71
2022,Line 4,855,391,3059,8,7.82
2022,Several lines,372,1,5,0,5.0
2022,Unknown,16,0,0,0,
2023,All lines,22943,8235,68146,228,8.28
2023,Line 1,11589,4611,35965,105,7.8
2023,Line 2,9514,3004,24487,84,8.15
2023,Line 3,733,339,4839,21,14.27
2023,Line 4,732,281,2855,18,10.16
2023,Several lines,353,0,0,0,
2023,Unknown,22,0,0,0,
2024,All lines,26450,9392,74266,228,7.91
2024,Line 1,14151,5684,42400,114,7.46
2024,Line 2,10993,3419,29195,99,8.54
2024,Line 3,6,0,0,0,
2024,Line 4,890,289,2671,15,9.24
2024,Several lines,382,0,0,0,
2024,Unknown,28,0,0,0,
2025,All lines,25680,9092,70755,212,7.78
2025,Line 1,13079,5055,40222,111,7.96
2025,Line 2,11146,3685,27418,87,7.44
2025,Line 3,4,0,0,0,
2025,Line 4,1057,352,3115,14,8.85
2025,Several lines,353,0,0,0,
2025,Unknown,41,0,0,0,
